{
  "model_id": "predictor_ma_1337",
  "seed": 1337,
  "model_train_seed": 1337,
  "nn_id": null,
  "window": 5,
  "mae": 1.966183,
  "rmse": 2.177981,
  "mape": 0.018763,
  "n": 195,
  "timestamp": "2025-08-29T16:36:44.633480+02:00"
}